{
    "MD_RestrictionCode": [
        "copyright", 
        "patent", 
        "patentPending", 
        "trademark", 
        "license", 
        "intellectualPropertyRights", 
        "restricted", 
        "otherRestrictions"
    ], 
    "CI_OnLineFunctionCode": [
        "download", 
        "information", 
        "offlineAccess", 
        "order", 
        "search"
    ], 
    "DQ_EvaluationMethodTypeCode": [
        "directInternal", 
        "directExternal", 
        "indirect"
    ], 
    "DS_InitiativeTypeCode": [
        "campaign", 
        "collection", 
        "exercise", 
        "experiment", 
        "investigation", 
        "mission", 
        "sensor", 
        "operation", 
        "platform", 
        "process", 
        "program", 
        "project", 
        "study", 
        "task", 
        "trial"
    ], 
    "MD_MaintenanceFrequencyCode": [
        "continual", 
        "daily", 
        "weekly", 
        "fortnightly", 
        "monthly", 
        "quartely", 
        "biannually", 
        "annually", 
        "asNeeded", 
        "irregular", 
        "notPlanned", 
        "unknwon"
    ], 
    "MD_SpatialRepresentationTypeCode": [
        "vector", 
        "grid", 
        "textTable", 
        "tin", 
        "stereoModel", 
        "video"
    ], 
    "MD_ImagingConditionCode": [
        "blurredImage", 
        "cloud", 
        "degradingObliquity", 
        "fog", 
        "heavySmokeOrDust", 
        "night", 
        "rain", 
        "semiDarkness", 
        "shadow", 
        "snow", 
        "terrainMasking"
    ], 
    "MD_ObligationCode": [
        "mandatory", 
        "optional", 
        "conditional"
    ], 
    "MD_GeometricObjectTypeCode": [
        "complex", 
        "composite", 
        "curve", 
        "point", 
        "solid", 
        "surface"
    ], 
    "MD_ScopeCode": [
        "attribute", 
        "attributeType", 
        "collectionHardware", 
        "collectionSession", 
        "dataset", 
        "series", 
        "nonGeographicDataset", 
        "dimensionGroup", 
        "feature", 
        "featureType", 
        "propertyType", 
        "fieldSession", 
        "software", 
        "service", 
        "model", 
        "tile"
    ], 
    "MD_KeywordTypeCode": [
        "discipline", 
        "place", 
        "stratum", 
        "temporal", 
        "theme"
    ], 
    "MD_CharacterSetCode": [
        "ucs2", 
        "ucs4", 
        "utf7", 
        "utf8", 
        "utf16", 
        "8859part1", 
        "8859part2", 
        "8859part3", 
        "8859part4", 
        "8859part5", 
        "8859part6", 
        "8859part7", 
        "8859part8", 
        "8859part9", 
        "8859part10", 
        "8859part11", 
        "8859part13", 
        "8859part14", 
        "8859part15", 
        "8859part16", 
        "jis", 
        "shiftJIS", 
        "eucJP", 
        "usAscii", 
        "ebcdic", 
        "eucKR", 
        "big5", 
        "GB2312"
    ], 
    "CI_PresentationFormCode": [
        "documentDigital", 
        "imageDigital", 
        "documentHardcopy", 
        "imageHardcopy", 
        "mapDigital", 
        "mapHardcopy", 
        "modelDigital", 
        "modelHardcopy", 
        "profileDigital", 
        "profileHardcopy", 
        "tableDigital", 
        "tableHardcopy", 
        "videoDigital", 
        "videoHardcopy"
    ], 
    "MX_ScopeCode": [
        "attribute", 
        "attributeType", 
        "collectionHardware", 
        "collectionSession", 
        "dataset", 
        "series", 
        "nonGeographicDataset", 
        "dimensionGroup", 
        "feature", 
        "featureType", 
        "propertyType", 
        "fieldSession", 
        "software", 
        "service", 
        "model", 
        "tile", 
        "initiative", 
        "stereomate", 
        "sensor", 
        "platformSeries", 
        "sensorSeries", 
        "productionSeries", 
        "transferAggregate", 
        "otherAggregate"
    ], 
    "CI_DateTypeCode": [
        "creation", 
        "publication", 
        "revision"
    ], 
    "MD_TopicCategoryCode": [
        "farming", 
        "biota", 
        "boundaries", 
        "climatologyMeteorologyAtmosphere", 
        "economy", 
        "elevation", 
        "environment", 
        "geoscientificInformation", 
        "health", 
        "imageryBaseMapsEarthCover", 
        "intelligenceMilitary", 
        "inlandWaters", 
        "location", 
        "oceans", 
        "planningCadastre", 
        "society", 
        "structure", 
        "transportation", 
        "utilitiesCommunication"
    ], 
    "MD_DatatypeCode": [
        "class", 
        "codelist", 
        "enumeration", 
        "codelistElement", 
        "abstractClass", 
        "aggregateClass", 
        "specifiedClass", 
        "datatypeClass", 
        "interfaceClass", 
        "unionClass", 
        "metaClass", 
        "typeClass", 
        "characterString", 
        "integer", 
        "association"
    ], 
    "MD_ProgressCode": [
        "completed", 
        "historicalArchive", 
        "obsolete", 
        "onGoing", 
        "planned", 
        "required", 
        "underDevelopment"
    ], 
    "MD_MediumNameCode": [
        "cdRom", 
        "dvd", 
        "dvdRom", 
        "3halfInchFloppy", 
        "5quarterInchFloppy", 
        "7trackTape", 
        "9trackType", 
        "3480Cartridge", 
        "3490Cartridge", 
        "3580Cartridge", 
        "4mmCartridgeTape", 
        "8mmCartridgeTape", 
        "1quarterInchCartridgeTape", 
        "digitalLinearTape", 
        "onLine", 
        "satellite", 
        "telephoneLink", 
        "hardcopy"
    ], 
    "MD_ClassificationCode": [
        "unclassified", 
        "restricted", 
        "confidential", 
        "secret", 
        "topSecret"
    ], 
    "DS_AssociationTypeCode": [
        "crossReference", 
        "largerWorkCitation", 
        "partOfSeamlessDatabase", 
        "source", 
        "stereoMate"
    ], 
    "CI_RoleCode": [
        "resourceProvider", 
        "custodian", 
        "owner", 
        "user", 
        "distributor", 
        "originator", 
        "pointOfContact", 
        "principalInvestigator", 
        "processor", 
        "publisher", 
        "author"
    ], 
    "MD_TopologyLevelCode": [
        "geometryOnly", 
        "topology1D", 
        "planarGraph", 
        "fullPlanarGraph", 
        "surfaceGraph", 
        "fullSurfaceGraph", 
        "topology3D", 
        "fullTopology3D", 
        "abstract"
    ], 
    "MD_DimensionNameTypeCode": [
        "row", 
        "column", 
        "vertical", 
        "track", 
        "crossTrack", 
        "line", 
        "sample", 
        "time"
    ], 
    "MD_CoverageContentTypeCode": [
        "image", 
        "thematicClassification", 
        "physicalMeasurement"
    ], 
    "MD_MediumFormatCode": [
        "cpio", 
        "tar", 
        "highSierra", 
        "iso9660", 
        "iso9660RockRidge", 
        "iso9660AppleHFS"
    ], 
    "MD_PixelOrientationCode": [
        "center", 
        "lowerLeft", 
        "lowerRight", 
        "upperRight", 
        "upperLeft"
    ], 
    "MD_CellGeometryCode": [
        "point", 
        "area"
    ]
}